####################################
# SETUP
####################################
CREATE DATABASE statements_digest;
USE statements_digest;
CREATE TABLE t1(a int);
CREATE TABLE t2(a int);
CREATE TABLE t3(a int, b int);
CREATE TABLE t4(a int, b int);
CREATE TABLE t5(a int, b int, c int);
CREATE TABLE t6(a int, b int, c int, d int);
CREATE TABLE t11 (c CHAR(4));
CREATE TABLE t12 (c CHAR(4));
SELECT * FROM performance_schema.setup_consumers;
NAME	ENABLED
events_stages_current	YES
events_stages_history	YES
events_stages_history_long	YES
events_statements_current	NO
events_statements_history	YES
events_statements_history_long	YES
events_transactions_current	YES
events_transactions_history	YES
events_transactions_history_long	YES
events_waits_current	YES
events_waits_history	YES
events_waits_history_long	YES
global_instrumentation	YES
thread_instrumentation	YES
statements_digest	YES
TRUNCATE TABLE performance_schema.events_statements_summary_by_digest;
####################################
# EXECUTION
####################################
SELECT 1 FROM t1;
1
SELECT 1 FROM `t1`;
1
SELECT 1,2 FROM t1;
1	2
SELECT 1, 2, 3, 4 FROM t1;
1	2	3	4
SELECT 1 FROM t2;
1
SELECT 1,2 FROM t2;
1	2
SELECT 1, 2, 3, 4 FROM t2;
1	2	3	4
INSERT INTO t1 VALUES (1);
INSERT INTO t2 VALUES (1);
INSERT INTO t3 VALUES (1, 2);
INSERT INTO t4 VALUES (1, 2);
INSERT INTO t5 VALUES (1, 2, 3);
INSERT INTO t1 VALUES (1), (2), (3);
INSERT INTO t1 VALUES (1), (2), (3), (4);
INSERT INTO t3 VALUES (1, 2), (3, 4), (5, 6);
INSERT INTO t5 VALUES (1, 2, 3), (4, 5, 6), (7, 8, 9);
INSERT INTO t1 VALUES (NULL);
INSERT INTO t3 VALUES (NULL,NULL);
INSERT INTO t3 VALUES (1,NULL);
INSERT INTO t3 VALUES (NULL,1);
INSERT INTO t6 VALUES (NULL, NULL, NULL, NULL);
INSERT INTO t6 VALUES (1, NULL, NULL, NULL);
INSERT INTO t6 VALUES (NULL, 2, NULL, NULL);
INSERT INTO t6 VALUES (1, 2, 3, NULL);
INSERT INTO t6 VALUES (1, 2, NULL, 4);
SELECT                                          1           +        1;
1           +        1
2
SELECT 1;
1
1
SELECT 1 /* This is an inline comment */ + 1;
1 /* This is an inline comment */ + 1
2
SELECT 1+
/*
this is a
multiple-line comment
*/
1;
1+
/*
this is a
multiple-line comment
*/
1
2
CREATE SCHEMA statements_digest_temp;
DROP SCHEMA statements_digest_temp;
CREATE DATABASE statements_digest_temp;
DROP DATABASE statements_digest_temp;
SELECT 1 FROM no_such_table;
ERROR 42S02: Table 'statements_digest.no_such_table' doesn't exist
CREATE TABLE dup_table (c char(4));
CREATE TABLE dup_table (c char(4));
ERROR 42S01: Table 'dup_table' already exists
DROP TABLE dup_table;
INSERT IGNORE INTO t11 VALUES("MySQL");
Warnings:
Warning	1265	Data truncated for column 'c' at row 1
PREPARE stmt FROM "SELECT * FROM t12";
EXECUTE stmt;
c
EXECUTE stmt;
c
DEALLOCATE PREPARE stmt;
CREATE PROCEDURE p1() BEGIN SELECT * FROM t12; END//
CALL p1();
c
CALL p1();
c
DROP PROCEDURE p1;
CREATE FUNCTION `func`(a INT, b INT) RETURNS int(11) RETURN a+b //
select func(3,4);
func(3,4)
7
select func(13,42);
func(13,42)
55
DROP FUNCTION func;
CREATE TRIGGER trg BEFORE INSERT ON t12 FOR EACH ROW SET @a:=1;
INSERT INTO t12 VALUES ("abc");
INSERT INTO t12 VALUES ("def");
DROP TRIGGER trg;
####################################
# QUERYING PS STATEMENT DIGEST
####################################
SELECT schema_name, digest, digest_text, count_star FROM performance_schema.events_statements_summary_by_digest;
schema_name	digest	digest_text	count_star
statements_digest	21b6affb55f3e69c598b47257f4d0ec6	TRUNCATE TABLE `performance_schema` . `events_statements_summary_by_digest` 	1
statements_digest	eb52499759ae9594bcba2e954ded57d0	SELECT ? FROM `t1` 	2
statements_digest	d143ccc3532d7a51aaed53818155b59d	SELECT ?, ... FROM `t1` 	2
statements_digest	fd58fc92bf7ab1cd08e7b407d76d3cf7	SELECT ? FROM `t2` 	1
statements_digest	42e894e3bd256e82a559315c1505a5ed	SELECT ?, ... FROM `t2` 	2
statements_digest	15dbcb0276d0a32884e54f872e7550de	INSERT INTO `t1` VALUES (?) 	2
statements_digest	69ed8a7ce05b795006d86cbbd31e0caa	INSERT INTO `t2` VALUES (?) 	1
statements_digest	a33fb1d856859fc46057c7dc869ce164	INSERT INTO `t3` VALUES (...) 	4
statements_digest	a77bacee82e346244fbd5d405e9acf7d	INSERT INTO `t4` VALUES (...) 	1
statements_digest	5546a45fece520aaa0140e6ac7a554ca	INSERT INTO `t5` VALUES (...) 	1
statements_digest	45552b7cbc35f439bb0b2cc12b4d7004	INSERT INTO `t1` VALUES (?) /* , ... */ 	2
statements_digest	5e2ca7e5378a50395344cf8fb33c1289	INSERT INTO `t3` VALUES (...) /* , ... */ 	1
statements_digest	5a2455a3ad5daf8ad20bad0e1ba489d8	INSERT INTO `t5` VALUES (...) /* , ... */ 	1
statements_digest	db2e552003c59f77b27e8a43513fa6df	INSERT INTO `t6` VALUES (...) 	5
statements_digest	708cb2abecfa1da539b1d2ef91e16510	SELECT ? + ? 	3
statements_digest	b1623e5173e3f751a8510a2129f2c2d6	SELECT ? 	1
statements_digest	3aeae35a7cad6d77a59795daa475ec95	CREATE SCHEMA `statements_digest_temp` 	2
statements_digest	853fcddb9ccd2b9bc89b2b9ebb86b63a	DROP SCHEMA `statements_digest_temp` 	2
statements_digest	7534470a14823e2fbc49e8169c93f5ac	SELECT ? FROM `no_such_table` 	1
statements_digest	0d6c1e5ce78bfc10f8f9d1c34883e431	CREATE TABLE `dup_table` ( `c` CHARACTER (?) ) 	2
statements_digest	fba453490c48b500dc5497587ac52232	DROP TABLE `dup_table` 	1
statements_digest	8da8c367b38b366598c96c1f573b06ff	INSERT IGNORE INTO `t11` VALUES (?) 	1
statements_digest	7809f4e9e29c8ee7377b668c7b6dbdba	SHOW WARNINGS 	1
statements_digest	c57c4d09a76037d63ec48990e894eb30	PREPARE `stmt` FROM ? 	1
statements_digest	b5243e9f1b9b0bbcc8cafd6e5acc78f7	EXECUTE `stmt` 	2
statements_digest	5878bd8b727c0714d8f77e129064c546	DEALLOCATE PREPARE `stmt` 	1
statements_digest	c4c9ed7f634bb9b7ece5ff0cb923d6a3	CREATE PROCEDURE `p1` ( ) BEGIN SELECT * FROM `t12` ; END 	1
statements_digest	89b975550f7e8236ee7cc9dc1662cd04	CALL `p1` ( ) 	2
statements_digest	f53224a41a68279ebf9ac1eff6ce0703	DROP PROCEDURE `p1` 	1
statements_digest	54478a6d5380d8ee93767a5304e11c91	CREATE FUNCTION `func` ( `a` INTEGER , `b` INTEGER ) RETURNS INTEGER (?) RETURN `a` + `b` 	1
statements_digest	e3d07f7c511120172f70f8dae91b538f	SELECT `func` (...) 	2
statements_digest	98683f018cbb76cd482f47a48921513c	DROP FUNCTION `func` 	1
statements_digest	60b23e60dc92199bc489b652bd7f11ee	CREATE TRIGGER `trg` BEFORE INSERT ON `t12` FOR EACH ROW SET @? := ? 	1
statements_digest	2ea818b323d4449e3474db5f70e1bdea	INSERT INTO `t12` VALUES (?) 	2
statements_digest	4dd34f225aced9cd2f50dafe64e01f1b	DROP TRIGGER `trg` 	1
SELECT digest, digest_text FROM performance_schema.events_statements_current;
digest	digest_text
####################################
# CLEANUP
####################################
DROP TABLE IF EXISTS t1;
DROP TABLE IF EXISTS t2;
DROP TABLE IF EXISTS t3;
DROP TABLE IF EXISTS t4;
DROP TABLE IF EXISTS t5;
DROP TABLE IF EXISTS t6;
DROP TABLE IF EXISTS t11;
DROP TABLE IF EXISTS t12;
DROP DATABASE IF EXISTS statements_digest;
